Date,Symbol,Series,Prev Close,Open,High,Low,Last,Close,VWAP,Volume,Turnover,Trades,Deliverable Volume,%Deliverble
2017-03-21,DMART,EQ,299.0,600.0,648.9,558.3,647.8,641.6,607.18,85728445,5205258577775000.0,997334,25455640,0.2969
2017-03-22,DMART,EQ,641.6,641.55,657.45,625.1,636.95,638.55,644.03,15817671,1018713015600000.0,230754,1980297,0.1252
2017-03-23,DMART,EQ,638.55,637.9,648.0,628.15,635.0,634.85,639.24,4690121,299810185765000.0,82509,918026,0.1957
2017-03-24,DMART,EQ,634.85,635.45,640.45,612.6,615.25,616.9,621.12,4865013,302177407405000.0,91530,1091968,0.2245
2017-03-27,DMART,EQ,616.9,615.0,623.0,602.35,617.05,614.4,613.09,3535098,216734745705000.03,63894,809694,0.22899999999999998
2017-03-28,DMART,EQ,614.4,617.2,633.4,615.1,626.0,628.8,626.77,2981122,186846302655000.0,57419,595667,0.1998
2017-03-29,DMART,EQ,628.8,632.9,637.0,622.4,624.0,628.25,631.74,2407007,152060329890000.0,46378,853427,0.3546
2017-03-30,DMART,EQ,628.25,624.2,635.0,622.2,634.95,631.85,629.89,1324054,83400994485000.0,22366,407697,0.3079
2017-03-31,DMART,EQ,631.85,634.4,652.3,630.0,637.3,637.85,639.97,2075789,132844957030000.0,36350,525707,0.25329999999999997
2017-04-03,DMART,EQ,637.85,638.0,643.0,633.0,635.0,634.25,636.91,992545,63215734195000.01,23829,431552,0.43479999999999996
2017-04-05,DMART,EQ,634.25,636.0,645.1,628.3,633.0,632.15,635.45,820437,52134654775000.0,18085,288605,0.3518
2017-04-06,DMART,EQ,632.15,632.0,668.4,630.2,663.9,664.4,654.46,5166823,338146518560000.0,75897,1084664,0.20989999999999998
2017-04-07,DMART,EQ,664.4,665.9,761.35,664.0,758.9,751.2,722.72,16504569,1192823014680000.0,249684,1925387,0.1167
2017-04-10,DMART,EQ,751.2,769.0,806.9,759.05,777.7,774.1,789.07,14333464,1131015150800000.0,226380,1663038,0.11599999999999999
2017-04-11,DMART,EQ,774.1,778.9,791.1,768.35,778.0,778.55,780.12,4283589,334172653140000.0,77233,536186,0.1252
2017-04-12,DMART,EQ,778.55,779.0,782.9,755.0,758.0,762.2,766.28,2435513,186627848295000.0,45432,364931,0.14980000000000002
2017-04-13,DMART,EQ,762.2,756.9,806.9,756.0,780.5,783.25,788.52,6262741,493829468085000.06,114670,769821,0.1229
2017-04-17,DMART,EQ,783.25,785.9,789.7,766.6,773.75,774.05,774.37,2786771,215798068130000.03,64792,1534411,0.5506000000000001
2017-04-18,DMART,EQ,774.05,774.9,774.9,725.1,732.0,730.15,740.24,4750180,351626261365000.0,128369,2535888,0.5339
2017-04-19,DMART,EQ,730.15,735.0,752.0,722.0,736.0,732.8,736.68,2052184,151180095280000.0,46838,529283,0.2579
2017-04-20,DMART,EQ,732.8,740.0,765.0,732.4,753.45,756.3,751.83,3218061,241943489430000.03,63725,826302,0.25680000000000003
2017-04-21,DMART,EQ,756.3,760.0,765.0,739.0,742.5,743.2,751.08,1237439,92941440000000.0,27577,386299,0.3122
2017-04-24,DMART,EQ,743.2,748.0,748.0,724.15,725.2,726.3,733.21,1249610,91622370880000.0,24345,575519,0.4606
2017-04-25,DMART,EQ,726.3,731.0,739.9,721.15,735.0,734.8,732.76,1519949,111376273075000.0,29142,580108,0.38170000000000004
2017-04-26,DMART,EQ,734.8,736.45,753.95,731.0,746.0,747.9,747.28,2080565,155475817165000.0,49463,669426,0.32180000000000003
2017-04-27,DMART,EQ,747.9,749.0,749.7,736.1,739.25,740.1,740.92,614735,45546757670000.0,12951,313189,0.5095000000000001
2017-04-28,DMART,EQ,740.1,743.85,747.0,735.0,736.15,736.5,739.17,516172,38153935295000.0,10952,229610,0.4448
2017-05-02,DMART,EQ,736.5,737.25,762.9,737.25,749.65,752.3,750.44,1808851,135743366705000.0,40605,781262,0.4319
2017-05-03,DMART,EQ,752.3,753.0,762.0,746.8,758.5,756.85,754.74,1083002,81738652595000.0,24359,517897,0.4782
2017-05-04,DMART,EQ,756.85,762.2,793.0,762.2,772.0,773.25,780.32,2607954,203503096050000.0,43004,538434,0.2065
2017-05-05,DMART,EQ,773.25,778.0,814.4,766.1,806.55,808.9,796.1,4332891,344941808670000.0,72556,1067044,0.2463
2017-05-08,DMART,EQ,808.9,823.65,824.5,770.2,780.05,780.15,788.35,3972924,313206904040000.0,72004,962974,0.24239999999999998
2017-05-09,DMART,EQ,780.15,782.9,793.0,775.6,780.0,780.05,783.09,1199297,93916120925000.0,32723,345615,0.2882
2017-05-10,DMART,EQ,780.05,781.9,795.0,780.0,789.0,790.85,788.12,1251054,98597958095000.0,22605,325958,0.2605
2017-05-11,DMART,EQ,790.85,789.7,790.5,756.0,763.0,761.8,773.79,1038372,80347684240000.0,25110,485856,0.4679
2017-05-12,DMART,EQ,761.8,763.9,768.0,736.7,752.8,751.8,754.67,1137225,85822826775000.0,25970,412172,0.3624
2017-05-15,DMART,EQ,751.8,755.5,761.45,744.0,750.2,752.15,753.35,617269,46502000570000.0,15677,193827,0.314
2017-05-16,DMART,EQ,752.15,752.1,757.9,741.0,751.4,750.4,750.41,600525,45064276855000.0,13796,182949,0.30460000000000004
2017-05-17,DMART,EQ,750.4,751.7,756.9,742.9,743.65,744.9,748.83,458274,34316746089999.996,11883,129806,0.2832
2017-05-18,DMART,EQ,744.9,739.95,748.0,724.5,730.0,727.45,737.5,698857,51540534275000.0,16108,293978,0.4207
2017-05-19,DMART,EQ,727.45,730.0,738.65,713.65,726.95,722.9,725.04,686573,49779394120000.0,21237,253482,0.36920000000000003
2017-05-22,DMART,EQ,722.9,729.4,734.5,720.1,721.0,721.55,724.23,361363,26170891700000.0,10860,162397,0.44939999999999997
2017-05-23,DMART,EQ,721.55,724.95,725.0,691.55,708.0,708.4,707.64,1362902,96444890170000.0,27324,780365,0.5726
2017-05-24,DMART,EQ,708.4,710.4,722.9,701.0,715.05,714.2,706.17,748251,52839093980000.0,18942,328471,0.439
2017-05-25,DMART,EQ,714.2,720.0,720.0,705.5,712.55,712.4,712.94,508214,36232690325000.0,15610,227223,0.4471
2017-05-26,DMART,EQ,712.4,714.0,732.0,709.45,713.0,714.9,718.91,790476,56828500010000.0,22517,367123,0.4644
2017-05-29,DMART,EQ,714.9,715.0,719.75,710.0,715.0,714.8,714.26,307830,21987002100000.0,8653,115743,0.376
2017-05-30,DMART,EQ,714.8,715.0,742.85,710.0,729.1,727.85,730.47,912185,66631987765000.0,21565,217550,0.23850000000000002
2017-05-31,DMART,EQ,727.85,731.8,750.8,726.4,749.0,745.15,743.33,883930,65705374550000.0,20355,338701,0.3832
2017-06-01,DMART,EQ,745.15,749.9,782.0,745.0,781.0,776.85,769.35,1557053,119791717165000.02,40650,466813,0.2998
2017-06-02,DMART,EQ,776.85,783.85,794.6,776.85,779.5,779.65,785.29,738963,58029867070000.01,16363,251937,0.34090000000000004
2017-06-05,DMART,EQ,779.65,782.7,811.0,775.3,793.0,789.75,795.0,1662267,132150027180000.0,34986,516069,0.3105
2017-06-06,DMART,EQ,789.75,792.8,800.5,772.55,776.0,775.35,783.51,761302,59649091545000.01,20907,236797,0.311
2017-06-07,DMART,EQ,775.35,777.0,784.5,771.25,775.0,774.3,776.61,335268,26037254695000.0,8123,93776,0.2797
2017-06-08,DMART,EQ,774.3,776.95,799.8,768.05,788.1,790.25,789.27,1170440,92379367160000.0,25184,403406,0.3447
2017-06-09,DMART,EQ,790.25,789.95,811.0,783.15,802.0,802.35,801.79,1485266,119086629665000.02,32383,314588,0.2118
2017-06-12,DMART,EQ,802.35,804.0,823.0,797.0,806.0,804.1,811.82,1211793,98376116325000.0,32734,284170,0.2345
2017-06-13,DMART,EQ,804.1,807.7,815.0,795.1,799.8,798.65,805.57,679152,54710125204999.99,21688,214628,0.316
2017-06-14,DMART,EQ,798.65,802.0,807.0,792.0,799.8,798.55,799.3,406225,32469704855000.0,10423,100773,0.2481
2017-06-15,DMART,EQ,798.55,800.0,807.0,793.0,799.4,797.95,799.78,376579,30117913420000.0,9096,97865,0.25989999999999996
2017-06-16,DMART,EQ,797.95,802.4,812.0,796.95,801.5,800.1,803.55,579782,46588582835000.0,13166,123705,0.2134
2017-06-19,DMART,EQ,800.1,804.8,806.25,791.0,796.0,796.4,800.03,302416,24194154115000.0,7976,94775,0.3134
2017-06-20,DMART,EQ,796.4,796.0,836.7,796.0,824.5,822.05,817.93,1759720,143932647255000.0,24384,638494,0.3628
2017-06-21,DMART,EQ,822.05,825.8,838.8,813.3,815.4,817.8,825.67,1466750,121105537380000.0,29162,346375,0.23620000000000002
2017-06-22,DMART,EQ,817.8,819.95,824.0,800.0,802.5,803.9,814.33,674073,54892016015000.0,14370,177838,0.2638
2017-06-23,DMART,EQ,803.9,805.8,809.25,789.8,803.9,801.6,798.59,799811,63872501440000.0,18710,251147,0.314
2017-06-27,DMART,EQ,801.6,803.9,807.0,794.7,804.0,804.6,801.22,472470,37855409460000.0,11958,175269,0.371
2017-06-28,DMART,EQ,804.6,802.4,822.9,797.0,820.65,818.05,812.42,842867,68476367229999.99,23696,270361,0.3208
2017-06-29,DMART,EQ,818.05,825.0,826.45,813.0,815.0,815.5,819.33,443572,36343182625000.0,14775,129172,0.2912
2017-06-30,DMART,EQ,815.5,810.9,820.0,805.0,809.5,815.1,813.37,365653,29741142585000.004,16340,122428,0.3348
2017-07-03,DMART,EQ,815.1,811.6,847.9,808.0,839.7,840.05,835.88,1577531,131862267220000.0,31850,644343,0.40850000000000003
2017-07-04,DMART,EQ,840.05,843.0,843.0,829.0,836.25,836.2,835.58,590080,49306061240000.0,28432,212252,0.3597
2017-07-05,DMART,EQ,836.2,834.9,854.95,830.85,845.0,846.05,846.72,795100,67322529840000.0,22675,176573,0.22210000000000002
2017-07-06,DMART,EQ,846.05,847.55,909.0,847.55,879.1,880.3,883.83,3412326,301590052770000.0,73764,605134,0.1773
2017-07-07,DMART,EQ,880.3,882.8,910.0,882.0,895.0,895.45,898.16,2129887,191297516225000.0,57897,446084,0.20940000000000003
2017-07-10,DMART,EQ,895.45,940.2,944.0,900.0,942.2,934.6,927.95,646394,59982254190000.0,13896,197695,0.3058
2017-07-11,DMART,EQ,934.6,946.0,954.9,907.5,911.0,913.95,933.44,1185183,110630045465000.02,33392,391465,0.33030000000000004
2017-07-12,DMART,EQ,913.95,914.0,934.4,905.0,909.15,910.3,918.89,1206562,110869460380000.0,29715,330186,0.2737
2017-07-13,DMART,EQ,910.3,915.0,933.7,910.25,911.5,915.15,921.52,1139296,104988818120000.0,33192,274379,0.2408
2017-07-14,DMART,EQ,915.15,920.0,921.9,872.5,890.0,891.35,895.93,1325017,118711797445000.0,37765,427404,0.3226
2017-07-17,DMART,EQ,891.35,894.9,917.7,886.05,913.5,911.7,905.36,951306,86127447565000.0,25320,235903,0.24800000000000003
2017-07-18,DMART,EQ,911.7,908.9,920.0,901.05,913.0,910.65,911.57,509382,46433964320000.0,20787,111282,0.21850000000000003
2017-07-19,DMART,EQ,910.65,914.2,924.95,907.45,911.1,911.7,917.72,524342,48119811530000.0,16594,180495,0.3442
2017-07-20,DMART,EQ,911.7,914.8,918.8,905.1,908.0,909.2,911.09,504126,45930189480000.0,17108,165473,0.3282
2017-07-21,DMART,EQ,909.2,912.5,921.0,907.0,914.0,914.75,915.14,648124,59312103850000.0,12822,318649,0.4916
2017-07-24,DMART,EQ,914.75,937.0,964.0,911.0,912.95,916.55,935.9,2518684,235723251785000.0,64880,719032,0.28550000000000003
2017-07-25,DMART,EQ,916.55,917.5,933.3,905.65,929.25,925.65,919.73,1018767,93699515845000.0,28176,375825,0.3689
2017-07-26,DMART,EQ,925.65,930.0,932.9,893.0,906.0,909.6,909.03,1512281,137471299380000.0,41027,698587,0.4619
2017-07-27,DMART,EQ,909.6,907.9,915.0,892.4,894.5,896.9,903.66,534158,48269643700000.0,17032,159092,0.2978
2017-07-28,DMART,EQ,896.9,894.0,908.0,888.1,898.0,898.55,899.81,501864,45158222610000.0,13095,123729,0.2465
2017-07-31,DMART,EQ,898.55,904.0,925.5,897.0,920.4,919.7,913.92,925153,84551825590000.0,29892,289846,0.31329999999999997
2017-08-01,DMART,EQ,919.7,921.0,930.0,913.1,914.0,916.05,920.1,388020,35701537620000.0,11740,117614,0.3031
2017-08-02,DMART,EQ,916.05,914.5,919.0,902.25,903.75,906.8,910.72,230945,21032550490000.0,7831,69553,0.3012
2017-08-03,DMART,EQ,906.8,905.95,909.9,895.0,897.05,898.1,902.86,242241,21870861270000.0,9323,69078,0.2852
2017-08-04,DMART,EQ,898.1,898.9,922.4,894.25,920.0,911.35,907.5,649179,58913128470000.01,15775,380885,0.5867
2017-08-07,DMART,EQ,911.35,921.0,933.0,915.0,922.1,923.8,924.74,418558,38705644980000.0,10396,149886,0.35810000000000003
2017-08-08,DMART,EQ,923.8,923.0,927.65,900.0,901.0,902.3,909.46,372966,33919878695000.0,12453,156977,0.42090000000000005
2017-08-09,DMART,EQ,902.3,901.0,910.9,882.4,888.0,889.25,896.18,358608,32137554960000.004,13518,133783,0.37310000000000004
2017-08-10,DMART,EQ,889.25,888.8,894.85,871.1,885.0,880.8,882.86,359649,31752060750000.0,13761,149943,0.4169
2017-08-11,DMART,EQ,880.8,867.9,903.4,860.0,890.0,890.1,881.23,495041,43624253145000.0,18255,194402,0.39270000000000005
2017-08-14,DMART,EQ,890.1,899.85,911.55,892.0,899.2,902.45,902.57,262198,23665189610000.0,11483,110565,0.4217
2017-08-16,DMART,EQ,902.45,903.9,917.45,903.0,905.5,907.8,909.26,241073,21919729060000.0,9280,81077,0.33630000000000004
2017-08-17,DMART,EQ,907.8,909.95,941.8,906.3,922.0,920.8,926.08,674395,62454467595000.01,24311,160991,0.23870000000000002
2017-08-18,DMART,EQ,920.8,917.2,931.8,908.0,924.0,926.25,919.25,401717,36927968900000.0,13098,96089,0.23920000000000002
2017-08-21,DMART,EQ,926.25,929.85,948.9,923.15,930.0,927.1,937.25,693305,64980125585000.0,31131,204508,0.295
2017-08-22,DMART,EQ,927.1,937.0,968.0,932.0,968.0,958.05,950.3,1103036,104821247390000.0,31967,297978,0.2701
2017-08-23,DMART,EQ,958.05,977.0,999.0,967.55,985.0,989.5,988.41,2107260,208282857960000.0,49493,359883,0.17079999999999998
2017-08-24,DMART,EQ,989.5,990.8,1019.0,986.0,992.3,994.6,1003.52,1441084,144615590710000.0,54869,403683,0.2801
2017-08-28,DMART,EQ,994.6,999.5,1057.0,990.2,1052.9,1046.15,1026.33,1489836,152905795470000.0,45263,343877,0.23079999999999998
2017-08-29,DMART,EQ,1046.15,1049.0,1068.2,1026.0,1036.65,1032.85,1049.72,1703113,178779193855000.0,61206,469170,0.2755
2017-08-30,DMART,EQ,1032.85,1044.9,1059.0,1041.5,1050.0,1050.9,1051.63,599048,62997482010000.0,31851,203219,0.3392
2017-08-31,DMART,EQ,1050.9,1055.8,1055.8,1032.0,1042.5,1039.8,1039.83,495126,51484857180000.0,40428,198401,0.4007
2017-09-01,DMART,EQ,1039.8,1045.8,1054.0,1037.0,1044.0,1048.4,1044.96,338544,35376408170000.0,17333,100737,0.29760000000000003
2017-09-04,DMART,EQ,1048.4,1045.0,1049.35,1007.4,1025.0,1020.65,1024.28,498521,51062367325000.0,28926,224669,0.4507
2017-09-05,DMART,EQ,1020.65,1026.0,1094.7,1026.0,1074.95,1077.7,1068.34,1667985,178197841600000.0,42866,543783,0.326
2017-09-06,DMART,EQ,1077.7,1067.0,1103.0,1061.05,1064.0,1066.6,1078.72,1476806,159305605625000.0,52908,442364,0.2995
2017-09-07,DMART,EQ,1066.6,1071.0,1090.0,1070.0,1074.1,1076.2,1079.64,510790,55146972415000.0,22589,158625,0.3105
2017-09-08,DMART,EQ,1076.2,1081.6,1088.0,1055.0,1070.0,1070.85,1072.95,503514,54024713425000.0,24412,173265,0.34409999999999996
2017-09-11,DMART,EQ,1070.85,1079.95,1099.0,1060.25,1089.7,1088.8,1086.47,698741,75915791980000.0,27885,197421,0.28250000000000003
2017-09-12,DMART,EQ,1088.8,1096.0,1099.0,1085.0,1089.3,1088.45,1090.74,379312,41373187715000.0,22263,144422,0.38070000000000004
2017-09-13,DMART,EQ,1088.45,1095.0,1113.3,1085.0,1091.5,1091.5,1099.6,677114,74455655790000.0,22779,167781,0.24780000000000002
2017-09-14,DMART,EQ,1091.5,1093.0,1104.9,1080.4,1090.0,1089.75,1092.28,360997,39430870475000.0,16674,101815,0.282
2017-09-15,DMART,EQ,1089.75,1103.35,1119.8,1080.1,1084.0,1087.75,1094.56,1564001,171189818005000.0,44292,938195,0.5999
2017-09-18,DMART,EQ,1087.75,1092.5,1099.0,1086.9,1089.55,1089.5,1092.24,360118,39333368300000.0,19154,160608,0.446
2017-09-19,DMART,EQ,1089.5,1089.55,1094.95,1073.05,1076.1,1077.55,1081.09,297636,32177096900000.0,17056,134323,0.45130000000000003
2017-09-20,DMART,EQ,1077.55,1080.5,1094.0,1070.4,1084.5,1084.75,1082.31,342872,37109347335000.0,16762,116594,0.3401
2017-09-21,DMART,EQ,1084.75,1085.0,1088.0,1065.0,1068.5,1069.05,1075.36,281126,30231234130000.0,23393,125007,0.4447
2017-09-22,DMART,EQ,1069.05,1067.95,1067.95,1028.8,1039.2,1039.15,1047.79,367612,38518071615000.0,19095,153483,0.4175
2017-09-25,DMART,EQ,1039.15,1042.0,1047.6,982.05,1037.8,1029.0,1010.4,541800,54743279825000.0,25724,158857,0.2932
2017-09-26,DMART,EQ,1029.0,1060.5,1218.0,1054.25,1107.0,1116.05,1145.6,6738985,772016464635000.0,188279,962509,0.1428
2017-09-27,DMART,EQ,1116.05,1116.0,1153.6,1069.05,1075.15,1076.75,1117.74,2905722,324782914655000.0,97146,539492,0.1857
2017-09-28,DMART,EQ,1076.75,1077.75,1087.0,1021.3,1037.85,1043.95,1052.73,1545452,162694972455000.0,65371,495818,0.3208
2017-09-29,DMART,EQ,1043.95,1049.25,1094.8,1048.9,1086.0,1078.45,1077.36,1633060,175939748890000.0,64368,428122,0.2622
2017-10-03,DMART,EQ,1078.45,1095.45,1109.65,1078.8,1102.0,1100.95,1093.82,903689,98847399240000.0,26918,195882,0.2168
2017-10-04,DMART,EQ,1100.95,1107.5,1128.7,1087.85,1098.0,1099.35,1105.36,1449647,160237541475000.0,36662,303899,0.2096
2017-10-05,DMART,EQ,1099.35,1105.0,1118.0,1092.35,1108.0,1104.0,1105.47,1044277,115441622290000.02,29566,301228,0.28850000000000003
2017-10-06,DMART,EQ,1104.0,1110.0,1120.0,1100.0,1106.0,1105.25,1110.76,635948,70638734665000.0,31851,314136,0.494
2017-10-09,DMART,EQ,1105.25,1108.5,1126.8,1105.05,1116.4,1116.75,1116.69,773906,86421017530000.0,30035,318349,0.4114
2017-10-10,DMART,EQ,1116.75,1124.4,1202.9,1120.1,1193.0,1184.65,1169.94,3365543,393746705260000.0,79790,780270,0.2318
2017-10-11,DMART,EQ,1184.65,1201.0,1244.0,1190.0,1222.9,1213.1,1221.92,2717138,332012992365000.0,79162,452192,0.16640000000000002
2017-10-12,DMART,EQ,1213.1,1234.0,1279.8,1223.0,1279.8,1268.65,1248.09,2057518,256796929569999.97,50182,368373,0.179
2017-10-13,DMART,EQ,1268.65,1285.0,1288.65,1220.0,1234.65,1229.9,1249.3,2507878,313308392080000.0,89810,1001898,0.3995
2017-10-16,DMART,EQ,1229.9,1250.0,1275.0,1225.05,1237.0,1232.45,1247.56,2410127,300677451340000.0,65799,672781,0.2791
2017-10-17,DMART,EQ,1232.45,1234.0,1241.55,1210.0,1221.8,1220.0,1225.32,793647,97247542880000.0,24072,235848,0.2972
2017-10-18,DMART,EQ,1220.0,1217.4,1225.45,1132.15,1161.0,1159.7,1172.74,2368299,277739202110000.0,68146,627523,0.265
2017-10-19,DMART,EQ,1159.7,1165.0,1177.7,1162.0,1165.1,1167.4,1169.23,340842,39852122460000.0,12613,112701,0.3307
2017-10-23,DMART,EQ,1167.4,1170.0,1175.0,1117.1,1127.0,1126.4,1129.67,1135187,128238810425000.0,55038,412979,0.3638
2017-10-24,DMART,EQ,1126.4,1127.0,1148.5,1085.5,1091.3,1092.9,1111.25,1475872,164007005135000.0,59449,513375,0.3478
2017-10-25,DMART,EQ,1092.9,1100.0,1160.0,1070.7,1155.0,1143.7,1114.24,1641798,182935532790000.0,59498,515582,0.314
2017-10-26,DMART,EQ,1143.7,1160.5,1170.0,1132.55,1142.05,1143.1,1151.52,868267,99982470510000.0,26862,197046,0.22690000000000002
2017-10-27,DMART,EQ,1143.1,1148.5,1153.4,1132.55,1138.0,1136.2,1139.93,432640,49317795675000.0,14877,118776,0.2745
2017-10-30,DMART,EQ,1136.2,1144.0,1164.8,1144.0,1147.9,1147.9,1152.85,502967,57984784865000.0,16072,179290,0.3565
2017-10-31,DMART,EQ,1147.9,1155.0,1155.0,1135.0,1139.95,1140.6,1144.05,280071,32041558250000.0,10796,78026,0.2786
2017-11-01,DMART,EQ,1140.6,1146.0,1168.0,1135.05,1149.5,1151.8,1148.01,625587,71817839220000.0,20670,297449,0.4755
2017-11-02,DMART,EQ,1151.8,1149.0,1159.8,1140.55,1148.75,1149.45,1150.08,320292,36836010935000.0,12140,103970,0.3246
2017-11-03,DMART,EQ,1149.45,1151.9,1152.9,1122.4,1126.1,1129.15,1137.94,281650,32049970950000.0,11475,135328,0.4805
2017-11-06,DMART,EQ,1129.15,1129.0,1140.4,1119.0,1127.5,1125.5,1128.13,322646,36398642040000.0,17650,132927,0.41200000000000003
2017-11-07,DMART,EQ,1125.5,1129.95,1132.05,1095.0,1100.0,1100.2,1108.29,507726,56270531720000.01,19687,233435,0.4598
2017-11-08,DMART,EQ,1100.2,1108.8,1133.0,1078.0,1105.0,1098.05,1111.72,568189,63166760000000.0,28534,218462,0.38450000000000006
2017-11-09,DMART,EQ,1098.05,1106.95,1132.0,1106.1,1120.0,1122.2,1119.32,429197,48040937225000.0,23491,168534,0.39270000000000005
2017-11-10,DMART,EQ,1122.2,1122.0,1170.0,1115.0,1166.8,1159.65,1147.39,895299,102726063530000.0,30805,343334,0.3835
2017-11-13,DMART,EQ,1159.65,1166.0,1179.95,1156.15,1160.3,1160.95,1169.47,593853,69449119779999.99,20933,225509,0.3797
2017-11-14,DMART,EQ,1160.95,1162.9,1164.0,1118.0,1122.15,1122.15,1132.84,546437,61902787925000.0,29404,275870,0.5049
2017-11-15,DMART,EQ,1122.15,1122.8,1122.8,1093.05,1098.0,1098.4,1104.06,452771,49988799340000.0,20514,203563,0.4496
2017-11-16,DMART,EQ,1098.4,1103.2,1123.0,1103.2,1114.0,1112.6,1113.89,320691,35721464630000.0,17049,132578,0.41340000000000005
2017-11-17,DMART,EQ,1112.6,1120.2,1131.8,1098.05,1108.0,1106.05,1108.89,627174,69546396145000.01,26075,320768,0.5114
2017-11-20,DMART,EQ,1106.05,1110.0,1118.9,1103.35,1105.95,1106.15,1109.07,189756,21045281295000.0,10076,73862,0.38920000000000005
2017-11-21,DMART,EQ,1106.15,1110.1,1124.8,1105.35,1109.0,1112.3,1114.63,396018,44141432185000.0,18917,177614,0.4485
2017-11-22,DMART,EQ,1112.3,1115.1,1143.9,1115.1,1138.5,1137.8,1132.43,630300,71376909530000.0,23028,237641,0.37700000000000006
2017-11-23,DMART,EQ,1137.8,1143.4,1156.0,1131.0,1146.3,1146.3,1146.33,578321,66294419550000.0,20798,201172,0.3479
2017-11-24,DMART,EQ,1146.3,1152.0,1163.0,1145.1,1147.0,1149.9,1154.43,500452,57773790465000.0,14824,173737,0.3472
2017-11-27,DMART,EQ,1149.9,1140.1,1149.0,1122.4,1129.0,1129.85,1134.72,217757,24709343855000.0,7940,84551,0.3883
2017-11-28,DMART,EQ,1129.85,1133.8,1141.1,1115.0,1140.0,1128.25,1129.92,248227,28047712230000.0,11846,111907,0.4508
2017-11-29,DMART,EQ,1128.25,1138.0,1147.0,1122.85,1124.0,1125.55,1131.54,235348,26630533895000.0,10956,94185,0.40020000000000006
2017-11-30,DMART,EQ,1125.55,1124.0,1157.7,1110.85,1113.0,1118.1,1130.78,482312,54538828379999.99,16870,128850,0.2672
2017-12-01,DMART,EQ,1118.1,1123.8,1139.0,1110.0,1116.05,1114.4,1127.28,311788,35147087100000.0,12308,116421,0.37340000000000007
2017-12-04,DMART,EQ,1114.4,1119.8,1161.0,1093.0,1155.0,1150.7,1130.35,865823,97868576885000.0,25711,326953,0.3776
2017-12-05,DMART,EQ,1150.7,1155.6,1160.0,1126.6,1131.2,1133.35,1140.85,466932,53270140150000.0,15233,146084,0.3129
2017-12-06,DMART,EQ,1133.35,1129.7,1139.0,1111.0,1120.0,1123.95,1124.64,325570,36614778275000.0,10916,115758,0.3556
2017-12-07,DMART,EQ,1123.95,1125.0,1178.0,1124.5,1146.0,1142.4,1140.14,3369105,384124361175000.0,34203,2359457,0.7003
2017-12-08,DMART,EQ,1142.4,1145.1,1162.0,1128.0,1130.0,1132.55,1141.78,668356,76311290380000.0,17717,302358,0.4524
2017-12-11,DMART,EQ,1132.55,1138.0,1143.9,1121.0,1127.0,1127.4,1130.62,353164,39929430565000.0,14066,128802,0.36469999999999997
2017-12-12,DMART,EQ,1127.4,1130.4,1130.8,1113.6,1114.85,1115.75,1122.11,364243,40872032965000.0,13050,199792,0.5485
2017-12-13,DMART,EQ,1115.75,1115.0,1131.7,1103.0,1110.0,1108.0,1117.33,385231,43042959485000.0,17627,168580,0.4376
2017-12-14,DMART,EQ,1108.0,1115.0,1118.0,1096.25,1104.5,1104.2,1103.83,467433,51596470880000.0,17832,212324,0.45420000000000005
2017-12-15,DMART,EQ,1104.2,1114.95,1129.9,1102.35,1121.5,1121.8,1116.47,484592,54103414900000.0,15504,208116,0.42950000000000005
2017-12-18,DMART,EQ,1121.8,1109.0,1139.0,1083.0,1137.0,1135.25,1125.06,506810,57019340120000.01,18699,171445,0.3383
2017-12-19,DMART,EQ,1135.25,1137.05,1150.0,1125.0,1143.5,1146.0,1139.34,376958,42948391045000.0,11154,158066,0.4193
2017-12-20,DMART,EQ,1146.0,1146.0,1158.6,1136.05,1143.0,1143.0,1147.56,306343,35154678905000.0,10971,109512,0.3575
2017-12-21,DMART,EQ,1143.0,1140.0,1160.0,1140.0,1154.0,1155.6,1150.64,430141,49493736945000.0,18681,216561,0.5035000000000001
2017-12-22,DMART,EQ,1155.6,1157.8,1171.5,1146.6,1150.0,1151.1,1156.66,401234,46409068945000.0,13722,146125,0.3642
2017-12-26,DMART,EQ,1151.1,1150.0,1157.0,1144.25,1150.0,1150.15,1149.28,231395,26593687905000.0,16180,100824,0.43570000000000003
2017-12-27,DMART,EQ,1150.15,1151.0,1169.0,1140.2,1143.0,1146.35,1155.82,298298,34477749335000.004,9797,92725,0.31079999999999997
2017-12-28,DMART,EQ,1146.35,1147.35,1158.0,1142.0,1150.05,1148.35,1149.67,208198,23935955385000.0,10598,70508,0.3387
2017-12-29,DMART,EQ,1148.35,1148.0,1194.45,1148.0,1178.5,1181.35,1177.19,1033292,121638018495000.0,25883,409635,0.39640000000000003
2018-01-01,DMART,EQ,1181.35,1188.3,1193.25,1166.0,1172.5,1170.5,1181.71,334392,39515595480000.0,9339,131250,0.3925
2018-01-02,DMART,EQ,1170.5,1173.7,1178.2,1155.6,1160.7,1160.0,1164.69,302709,35256314695000.0,9423,98217,0.3245
2018-01-03,DMART,EQ,1160.0,1162.7,1204.4,1160.0,1184.0,1184.55,1184.91,580610,68797194210000.0,18731,146459,0.2523
2018-01-04,DMART,EQ,1184.55,1187.85,1215.0,1186.0,1199.5,1203.1,1204.56,707905,85271298250000.0,20998,192081,0.2713
2018-01-05,DMART,EQ,1203.1,1210.1,1268.0,1208.55,1243.0,1243.4,1242.6,1244328,154620629380000.0,39621,375646,0.3019
2018-01-08,DMART,EQ,1243.4,1250.0,1259.95,1222.0,1225.0,1226.8,1238.54,520902,64515541795000.01,27178,213747,0.4103
2018-01-09,DMART,EQ,1226.8,1232.95,1246.0,1212.7,1231.0,1234.1,1231.89,479684,59091719490000.0,17732,145917,0.3042
2018-01-10,DMART,EQ,1234.1,1245.05,1283.9,1230.0,1249.0,1249.3,1257.02,849877,106830852300000.0,26078,180367,0.2122
2018-01-11,DMART,EQ,1249.3,1254.0,1274.5,1238.0,1247.0,1245.5,1255.9,489609,61489778250000.0,15552,156092,0.3188
2018-01-12,DMART,EQ,1245.5,1250.1,1260.0,1226.55,1237.0,1234.6,1245.03,439434,54711026104999.99,10354,209481,0.4767
2018-01-15,DMART,EQ,1234.6,1236.9,1245.0,1224.0,1225.1,1228.85,1235.81,283764,35067786880000.0,12037,107137,0.3776
2018-01-16,DMART,EQ,1228.85,1232.8,1237.95,1152.0,1186.5,1187.0,1202.74,409503,49252620830000.0,19670,188023,0.45909999999999995
2018-01-17,DMART,EQ,1187.0,1183.0,1189.0,1159.0,1164.0,1167.35,1168.38,518237,60549617540000.0,19654,247702,0.478
2018-01-18,DMART,EQ,1167.35,1175.0,1180.0,1126.6,1135.0,1135.45,1152.56,471953,54395309385000.0,21255,233602,0.495
2018-01-19,DMART,EQ,1135.45,1138.8,1154.0,1126.0,1144.4,1144.35,1143.3,240807,27531553130000.0,8467,92963,0.386
2018-01-22,DMART,EQ,1144.35,1149.0,1186.7,1147.05,1179.0,1176.3,1172.2,487998,57202917335000.0,15692,154537,0.31670000000000004
2018-01-23,DMART,EQ,1176.3,1182.0,1190.0,1161.6,1166.25,1169.2,1176.57,301434,35465770070000.0,10067,114874,0.3811
2018-01-24,DMART,EQ,1169.2,1170.0,1174.8,1130.4,1147.0,1142.15,1153.6,396369,45725064395000.0,16909,179827,0.4537
2018-01-25,DMART,EQ,1142.15,1150.0,1174.35,1140.2,1166.0,1159.3,1162.4,553178,64301575865000.0,20297,222938,0.40299999999999997
2018-01-29,DMART,EQ,1159.3,1200.0,1263.8,1175.0,1179.0,1181.9,1218.57,3086852,376155219710000.0,89849,856595,0.2775
2018-01-30,DMART,EQ,1181.9,1180.7,1212.6,1150.0,1183.35,1184.6,1181.12,992399,117214410520000.0,28966,193866,0.1954
2018-01-31,DMART,EQ,1184.6,1180.0,1210.0,1172.05,1179.5,1179.65,1191.97,750588,89467946310000.0,32636,237782,0.3168
2018-02-01,DMART,EQ,1179.65,1185.0,1205.9,1167.0,1176.5,1174.3,1185.09,477292,56563211129999.99,16082,124065,0.25989999999999996
2018-02-02,DMART,EQ,1174.3,1162.8,1165.0,1108.0,1134.0,1135.1,1142.34,595510,68027523370000.01,29880,233185,0.39159999999999995
2018-02-05,DMART,EQ,1135.1,1122.05,1134.5,1081.35,1119.0,1117.3,1112.34,544060,60518023915000.0,22693,155103,0.2851
2018-02-06,DMART,EQ,1117.3,1075.0,1119.0,1060.1,1105.15,1105.7,1093.77,706200,77241739690000.0,27365,214134,0.3032
2018-02-07,DMART,EQ,1105.7,1127.8,1134.7,1120.0,1120.4,1122.65,1124.78,267181,30052020930000.0,11514,95255,0.3565
2018-02-08,DMART,EQ,1122.65,1129.0,1174.0,1125.05,1174.0,1165.55,1156.48,493415,57062572560000.0,16268,214809,0.4354
2018-02-09,DMART,EQ,1165.55,1149.95,1195.0,1130.0,1180.0,1177.8,1171.94,469818,55059639175000.0,14680,111502,0.2373
2018-02-12,DMART,EQ,1177.8,1189.0,1199.5,1180.05,1185.4,1187.2,1189.55,241765,28759198760000.004,11455,79564,0.32909999999999995
2018-02-14,DMART,EQ,1187.2,1196.6,1208.25,1182.1,1193.0,1201.4,1195.51,426463,50984157275000.0,15714,143271,0.336
2018-02-15,DMART,EQ,1201.4,1206.95,1207.0,1180.45,1184.05,1183.95,1191.89,269802,32157513064999.996,15005,104184,0.3861
2018-02-16,DMART,EQ,1183.95,1188.8,1191.3,1170.1,1174.0,1173.5,1176.68,199767,23506170280000.0,7688,51023,0.2554
2018-02-19,DMART,EQ,1173.5,1179.0,1179.0,1162.0,1170.0,1168.9,1167.72,224464,26211110900000.0,8895,70669,0.3148
2018-02-20,DMART,EQ,1168.9,1174.8,1189.7,1165.2,1185.0,1186.8,1179.92,293782,34663951289999.996,10535,93204,0.3173
2018-02-21,DMART,EQ,1186.8,1191.8,1251.0,1182.3,1248.0,1237.8,1219.19,1209483,147459107520000.0,40830,391316,0.3235
2018-02-22,DMART,EQ,1237.8,1244.7,1257.0,1225.2,1240.0,1240.65,1240.54,559675,69429915470000.01,22371,176388,0.3152
2018-02-23,DMART,EQ,1240.65,1250.0,1306.0,1250.0,1301.4,1300.25,1286.84,1724635,221932217660000.0,59530,481782,0.27940000000000004
2018-02-26,DMART,EQ,1300.25,1312.0,1327.35,1286.1,1291.2,1291.2,1308.26,856069,111995732905000.0,38637,313931,0.3667
2018-02-27,DMART,EQ,1291.2,1291.2,1369.0,1286.0,1367.0,1354.7,1336.35,1794604,239822597980000.03,47439,401006,0.22350000000000003
2018-02-28,DMART,EQ,1354.7,1354.0,1387.0,1330.5,1352.0,1348.15,1363.47,1695261,231144192550000.0,64466,405144,0.239
2018-03-01,DMART,EQ,1348.15,1353.1,1365.5,1305.05,1312.0,1314.25,1330.26,801383,106604830555000.0,38217,256989,0.3207
2018-03-05,DMART,EQ,1314.25,1309.5,1338.0,1290.1,1312.1,1314.3,1311.19,698817,91627918965000.0,24840,196519,0.2812
2018-03-06,DMART,EQ,1314.3,1320.0,1365.1,1312.2,1326.0,1327.15,1344.91,1162430,156336697670000.0,40759,226353,0.19469999999999998
2018-03-07,DMART,EQ,1327.15,1325.0,1332.85,1287.25,1302.5,1298.8,1313.04,620343,81453416035000.0,22933,183280,0.2954
2018-03-08,DMART,EQ,1298.8,1313.15,1325.0,1270.6,1294.9,1293.15,1295.22,609548,78949827300000.0,30834,182086,0.2987
2018-03-09,DMART,EQ,1293.15,1300.0,1328.4,1281.0,1300.0,1306.55,1309.33,805817,105508197120000.0,25285,212964,0.2643
2018-03-12,DMART,EQ,1306.55,1316.1,1336.7,1308.1,1314.0,1315.65,1321.97,524560,69345520204999.99,20718,143891,0.2743
2018-03-13,DMART,EQ,1315.65,1312.5,1344.8,1312.0,1339.1,1337.9,1329.51,529862,70445819085000.0,19352,169016,0.319
2018-03-14,DMART,EQ,1337.9,1336.0,1363.9,1327.0,1342.0,1345.2,1349.05,743796,100341859095000.0,27364,180677,0.2429
2018-03-15,DMART,EQ,1345.2,1341.0,1367.0,1335.0,1360.05,1359.8,1356.21,630902,85563823880000.0,20355,137830,0.21850000000000003
2018-03-16,DMART,EQ,1359.8,1359.8,1377.85,1347.85,1366.85,1365.8,1362.98,1177277,160460113065000.0,27916,657647,0.5586
2018-03-19,DMART,EQ,1365.8,1368.0,1385.0,1328.0,1341.0,1342.55,1353.51,862762,116775442875000.0,29172,338120,0.39189999999999997
2018-03-20,DMART,EQ,1342.55,1330.0,1350.0,1262.0,1345.05,1346.5,1329.92,754220,100305570885000.0,26367,219979,0.2917
2018-03-21,DMART,EQ,1346.5,1350.0,1354.85,1331.55,1339.0,1339.6,1343.17,485353,65191152625000.0,20142,156498,0.3224
2018-03-22,DMART,EQ,1339.6,1340.0,1345.7,1311.05,1320.1,1320.45,1327.08,501773,66589157554999.99,17400,240523,0.4793
2018-03-23,DMART,EQ,1320.45,1297.7,1299.75,1275.75,1278.0,1281.1,1287.2,521909,67179924979999.99,28095,256663,0.4918
2018-03-26,DMART,EQ,1281.1,1288.0,1352.0,1282.5,1335.0,1341.45,1320.31,841975,111166842420000.0,28058,338416,0.4019
2018-03-27,DMART,EQ,1341.45,1351.95,1366.0,1345.05,1353.0,1355.2,1356.54,502854,68214284275000.0,25425,215084,0.4277
2018-03-28,DMART,EQ,1355.2,1345.0,1350.0,1310.0,1312.0,1324.8,1330.83,597115,79466031985000.0,23568,358870,0.601
2018-04-02,DMART,EQ,1324.8,1328.8,1393.0,1326.35,1345.0,1357.3,1361.65,1129225,153761156435000.0,36911,445517,0.3945
2018-04-03,DMART,EQ,1357.3,1336.7,1371.4,1332.65,1364.5,1364.3,1357.5,543718,73809757645000.0,23488,156074,0.287
2018-04-04,DMART,EQ,1364.3,1369.3,1385.2,1350.0,1362.15,1359.15,1368.94,682255,93396761425000.0,28497,209295,0.3068
2018-04-05,DMART,EQ,1359.15,1377.8,1410.0,1371.3,1401.0,1401.3,1396.52,1261502,176171068365000.0,43308,337620,0.2676
2018-04-06,DMART,EQ,1401.3,1400.0,1424.0,1385.0,1417.05,1419.85,1410.33,966666,136331575484999.98,32987,226933,0.2348
2018-04-09,DMART,EQ,1419.85,1412.0,1444.4,1412.0,1440.0,1440.5,1431.48,698935,100051210905000.0,29457,194421,0.2782
2018-04-10,DMART,EQ,1440.5,1445.5,1494.8,1445.5,1487.7,1488.85,1476.5,1451168,214264506575000.0,48842,323208,0.2227
2018-04-11,DMART,EQ,1488.85,1500.0,1514.0,1465.0,1470.0,1473.0,1486.76,1015133,150925520375000.0,37727,308193,0.3036
2018-04-12,DMART,EQ,1473.0,1470.1,1487.3,1460.1,1469.0,1471.25,1473.62,543880,80147289655000.0,24162,134426,0.2472
2018-04-13,DMART,EQ,1471.25,1471.15,1489.8,1465.0,1469.8,1469.1,1477.02,428624,63308627865000.0,22419,129901,0.3031
2018-04-16,DMART,EQ,1469.1,1461.05,1485.0,1460.0,1484.9,1481.4,1477.06,410782,60674976715000.0,20039,135021,0.3287
2018-04-17,DMART,EQ,1481.4,1490.05,1518.3,1482.0,1494.25,1506.8,1499.28,960273,143971463985000.0,37811,375775,0.39130000000000004
2018-04-18,DMART,EQ,1506.8,1498.0,1508.0,1485.25,1494.0,1492.65,1498.24,434205,65054207240000.0,18686,147512,0.3397
2018-04-19,DMART,EQ,1492.65,1498.45,1500.0,1483.25,1487.0,1488.65,1490.35,272360,40591215040000.0,12676,113614,0.4171
2018-04-20,DMART,EQ,1488.65,1482.5,1491.0,1468.0,1475.45,1475.4,1476.99,259880,38384120585000.0,13649,110311,0.42450000000000004
2018-04-23,DMART,EQ,1475.4,1475.0,1496.4,1475.0,1489.5,1489.5,1487.97,374689,55752455100000.0,25846,186671,0.49820000000000003
2018-04-24,DMART,EQ,1489.5,1494.4,1496.5,1473.1,1474.0,1475.75,1480.07,354315,52441193935000.0,28574,208098,0.5872999999999999
2018-04-25,DMART,EQ,1475.75,1472.85,1499.9,1466.1,1478.0,1480.25,1486.67,590984,87859659330000.0,21580,310965,0.5262
2018-04-26,DMART,EQ,1480.25,1483.0,1491.3,1468.0,1473.9,1474.35,1475.99,780443,115192881134999.98,22647,605475,0.7758
2018-04-27,DMART,EQ,1474.35,1487.8,1495.75,1478.3,1483.7,1483.0,1486.58,535094,79546112025000.0,15773,358298,0.6696
2018-04-30,DMART,EQ,1483.0,1493.0,1534.6,1485.9,1489.7,1490.65,1506.37,1364434,205534238385000.0,59412,756316,0.5543
2018-05-02,DMART,EQ,1490.65,1500.1,1509.7,1489.0,1498.0,1495.85,1498.36,428795,64249051270000.01,21398,221845,0.5174000000000001
2018-05-03,DMART,EQ,1495.85,1495.0,1504.0,1475.1,1490.0,1492.3,1491.78,451392,67337948225000.0,27772,237796,0.5268
2018-05-04,DMART,EQ,1492.3,1492.0,1499.65,1480.35,1487.95,1486.8,1490.78,429322,64002433029999.99,61766,244738,0.5700999999999999
2018-05-07,DMART,EQ,1486.8,1460.0,1484.85,1436.05,1464.25,1465.0,1459.57,1502803,219344683475000.0,52124,367016,0.24420000000000003
2018-05-08,DMART,EQ,1465.0,1478.0,1479.7,1455.0,1466.0,1467.15,1468.74,325900,47866300120000.0,15359,112183,0.3442
2018-05-09,DMART,EQ,1467.15,1466.0,1466.0,1444.0,1446.5,1447.75,1452.06,452921,65766670879999.99,18053,265169,0.5855
2018-05-10,DMART,EQ,1447.75,1445.0,1479.0,1401.7,1452.0,1456.45,1440.65,1369236,197258675315000.0,52715,513537,0.3751
2018-05-11,DMART,EQ,1456.45,1458.0,1495.95,1446.5,1456.0,1453.9,1469.29,658025,96682703425000.0,29369,221722,0.337
2018-05-14,DMART,EQ,1453.9,1461.2,1473.0,1416.0,1423.85,1425.2,1443.85,502361,72533524085000.0,25729,288255,0.5738000000000001
2018-05-15,DMART,EQ,1425.2,1434.9,1518.8,1434.0,1489.0,1485.45,1492.28,2769439,413277182985000.0,87385,1508546,0.5447
2018-05-16,DMART,EQ,1485.45,1481.0,1500.0,1477.0,1494.95,1494.95,1494.09,1382741,206593278395000.0,86751,971026,0.7022
2018-05-17,DMART,EQ,1494.95,1502.5,1513.0,1487.0,1495.0,1495.0,1496.58,1065330,159435141125000.0,47318,675716,0.6343
2018-05-18,DMART,EQ,1495.0,1495.0,1503.0,1375.95,1419.5,1417.2,1434.4,3111215,446271542230000.0,110471,1111282,0.3572
2018-05-21,DMART,EQ,1417.2,1414.0,1414.0,1333.1,1356.0,1345.45,1358.48,1891905,257012079775000.0,86898,898438,0.47490000000000004
2018-05-22,DMART,EQ,1345.45,1345.35,1398.0,1345.35,1384.0,1380.55,1376.62,1443420,198704102610000.0,64885,661961,0.4586
2018-05-23,DMART,EQ,1380.55,1390.0,1399.95,1347.2,1355.0,1358.75,1364.86,1200347,163830332035000.0,51814,616180,0.5133
2018-05-24,DMART,EQ,1358.75,1357.0,1450.0,1344.95,1423.0,1409.9,1405.32,3580799,503216369635000.06,113922,1050048,0.2932
2018-05-25,DMART,EQ,1409.9,1427.9,1506.0,1420.0,1502.0,1497.55,1476.93,3256787,481005242180000.0,121769,1112497,0.34159999999999996
2018-05-28,DMART,EQ,1497.55,1507.0,1530.0,1500.0,1530.0,1528.9,1523.47,1945468,296386833590000.0,79372,1011009,0.5197
2018-05-29,DMART,EQ,1528.9,1534.9,1553.95,1490.0,1544.0,1544.05,1525.18,1145537,174714619885000.0,61230,389936,0.3404
2018-05-30,DMART,EQ,1544.05,1544.0,1571.7,1544.0,1565.5,1565.95,1557.7,1763571,274710620250000.0,78879,823626,0.467
2018-05-31,DMART,EQ,1565.95,1574.7,1611.0,1506.5,1530.0,1572.15,1570.58,14993077,2354788254365000.0,193038,11800144,0.787
2018-06-01,DMART,EQ,1572.15,1538.7,1563.0,1522.5,1530.9,1531.1,1541.71,1002870,154613127950000.0,47447,420210,0.419
2018-06-04,DMART,EQ,1531.1,1534.05,1544.4,1482.4,1483.5,1486.4,1505.32,1084158,163200270945000.0,70852,544910,0.5025999999999999
2018-06-05,DMART,EQ,1486.4,1483.4,1499.0,1426.15,1452.05,1453.75,1468.43,1286074,188851265995000.0,75393,613215,0.4768
2018-06-06,DMART,EQ,1453.75,1461.8,1530.0,1434.6,1528.5,1519.55,1496.22,1161863,173840421120000.0,52410,409112,0.3521
2018-06-07,DMART,EQ,1519.55,1530.0,1562.0,1529.05,1557.65,1555.55,1550.1,557719,86452282910000.0,27408,161849,0.2902
2018-06-08,DMART,EQ,1555.55,1547.0,1599.0,1535.0,1595.1,1593.55,1577.25,1045556,164910310615000.0,39038,268791,0.2571
2018-06-11,DMART,EQ,1593.55,1601.0,1618.8,1584.0,1591.0,1594.4,1602.28,846296,135599963855000.0,36268,297911,0.35200000000000004
2018-06-12,DMART,EQ,1594.4,1600.0,1610.0,1591.0,1606.2,1607.95,1605.13,555328,89137466895000.0,30980,222561,0.4008
2018-06-13,DMART,EQ,1607.95,1610.0,1623.0,1588.3,1598.5,1595.85,1602.3,377920,60554161404999.99,22507,127950,0.3386
2018-06-14,DMART,EQ,1595.85,1592.0,1595.0,1559.0,1564.7,1568.5,1574.06,600354,94499387965000.0,33977,272743,0.4543
2018-06-15,DMART,EQ,1568.5,1551.8,1554.7,1527.1,1531.0,1535.35,1539.07,758011,116663470334999.98,35877,286337,0.37770000000000004
2018-06-18,DMART,EQ,1535.35,1515.0,1546.5,1502.0,1521.1,1523.65,1527.04,577068,88120731410000.0,25658,141133,0.2446
2018-06-19,DMART,EQ,1523.65,1517.0,1524.8,1480.35,1483.0,1485.05,1498.71,627824,94092761900000.0,42706,241215,0.38420000000000004
2018-06-20,DMART,EQ,1485.05,1488.15,1501.2,1474.0,1475.0,1483.75,1491.1,367314,54770265740000.0,21411,148768,0.405
2018-06-21,DMART,EQ,1483.75,1487.0,1514.9,1476.0,1490.25,1490.35,1496.35,660901,98894231980000.0,28461,182476,0.2761
2018-06-22,DMART,EQ,1490.35,1496.0,1504.7,1486.05,1492.0,1494.25,1495.14,355963,53221302860000.0,18918,128444,0.3608
2018-06-25,DMART,EQ,1494.25,1490.8,1503.0,1475.5,1478.45,1480.5,1488.96,335682,49981552520000.0,23819,134570,0.40090000000000003
2018-06-26,DMART,EQ,1480.5,1480.0,1489.0,1462.1,1467.0,1468.25,1478.25,292299,43209136425000.0,20697,123867,0.4238
2018-06-27,DMART,EQ,1468.25,1469.7,1486.0,1428.1,1451.0,1452.5,1459.27,448860,65500604075000.0,32940,182642,0.4069
2018-06-28,DMART,EQ,1452.5,1455.8,1458.1,1420.0,1429.1,1435.45,1435.07,431454,61916693365000.0,26403,205014,0.47520000000000007
2018-06-29,DMART,EQ,1435.45,1438.6,1495.4,1438.6,1487.0,1485.4,1473.29,612439,90230217130000.0,27796,303030,0.49479999999999996
2018-07-02,DMART,EQ,1485.4,1495.95,1549.0,1495.95,1528.15,1525.9,1524.01,916601,139691278970000.0,57878,365460,0.3987
2018-07-03,DMART,EQ,1525.9,1531.65,1539.95,1505.5,1518.0,1521.95,1525.13,353842,53965647340000.0,16524,98580,0.2786
